{
    "253_131_roi1.png": 0.01907032181168057,
    "253_131_roi2.png": 0.3436293436293436,
    "253_131_roi3.png": 0.34615384615384615,
    "253_131_roi4.png": 0.0,
    "253_13_roi1.png": 0.012345679012345678,
    "253_13_roi2.png": 0.9252336448598131,
    "253_13_roi3.png": 0.3524904214559387,
    "253_13_roi4.png": 0.9894736842105263,
    "253_17_roi1.png": 0.12635574837310196,
    "253_17_roi2.png": 0.06274509803921569,
    "253_17_roi3.png": 0.23863636363636365,
    "253_17_roi4.png": 0.0,
    "253_235_roi1.png": 0.01455604075691412,
    "253_235_roi2.png": 0.34901960784313724,
    "253_235_roi3.png": 0.12643678160919541,
    "253_235_roi4.png": 0.0,
    "253_248_roi1.png": 0.008565310492505354,
    "253_248_roi2.png": 0.027472527472527472,
    "253_248_roi3.png": 0.3038461538461538,
    "253_248_roi4.png": 0.0,
    "253_24_roi1.png": 0.011802575107296138,
    "253_24_roi2.png": 0.3582089552238806,
    "253_24_roi3.png": 0.10727969348659004,
    "253_24_roi4.png": 0.9894736842105263,
    "253_304_roi1.png": 0.011904761904761904,
    "253_304_roi2.png": 0.34523809523809523,
    "253_304_roi3.png": 0.12307692307692308,
    "253_304_roi4.png": 0.9894736842105263,
    "253_32_roi1.png": 0.017684887459807074,
    "253_32_roi2.png": 0.32432432432432434,
    "253_32_roi3.png": 0.34615384615384615,
    "253_32_roi4.png": 0.0,
    "253_50_roi1.png": 0.014317180616740088,
    "253_50_roi2.png": 0.49104859335038364,
    "253_50_roi3.png": 0.3486590038314176,
    "253_50_roi4.png": 0.0,
    "253_95_roi1.png": 0.012539184952978056,
    "253_95_roi2.png": 0.9345794392523364,
    "253_95_roi3.png": 0.34615384615384615,
    "253_95_roi4.png": 0.0
}