{
    "253_114_roi1.png": 0.0,
    "253_114_roi2.png": 0.02,
    "253_114_roi3.png": 0.0,
    "253_114_roi4.png": 0.5,
    "253_114_roi5.png": 0.7857142857142857,
    "253_115_roi1.png": 0.0,
    "253_115_roi2.png": 0.03225806451612903,
    "253_115_roi3.png": 0.0,
    "253_115_roi4.png": 0.125,
    "253_115_roi5.png": 0.27586206896551724,
    "253_116_roi1.png": 0.011547344110854504,
    "253_116_roi2.png": 0.007042253521126761,
    "253_116_roi3.png": 0.0,
    "253_116_roi4.png": 0.07692307692307693,
    "253_116_roi5.png": 0.3220338983050847
}