{
    "253_131_roi1.png": 0.01907032181168057,
    "253_131_roi2.png": 0.41522491349480967,
    "253_131_roi3.png": 0.34615384615384615,
    "253_131_roi4.png": 0.2073732718894009,
    "253_13_roi1.png": 0.22797927461139897,
    "253_13_roi2.png": 0.9473684210526315,
    "253_13_roi3.png": 0.3524904214559387,
    "253_13_roi4.png": 0.9923664122137404,
    "253_17_roi1.png": 0.12635574837310196,
    "253_17_roi2.png": 0.24210526315789474,
    "253_17_roi3.png": 0.23863636363636365,
    "253_17_roi4.png": 0.0,
    "253_235_roi1.png": 0.19665271966527198,
    "253_235_roi2.png": 0.40350877192982454,
    "253_235_roi3.png": 0.12643678160919541,
    "253_235_roi4.png": 0.2073732718894009,
    "253_248_roi1.png": 0.20321931589537223,
    "253_248_roi2.png": 0.2028301886792453,
    "253_248_roi3.png": 0.3038461538461538,
    "253_248_roi4.png": 0.21637426900584794,
    "253_24_roi1.png": 0.011802575107296138,
    "253_24_roi2.png": 0.37534246575342467,
    "253_24_roi3.png": 0.10727969348659004,
    "253_24_roi4.png": 0.9923664122137404,
    "253_304_roi1.png": 0.20567375886524822,
    "253_304_roi2.png": 0.40425531914893614,
    "253_304_roi3.png": 0.12307692307692308,
    "253_304_roi4.png": 0.9923664122137404,
    "253_32_roi1.png": 0.07142857142857142,
    "253_32_roi2.png": 0.41522491349480967,
    "253_32_roi3.png": 0.34615384615384615,
    "253_32_roi4.png": 0.21637426900584794,
    "253_50_roi1.png": 0.014317180616740088,
    "253_50_roi2.png": 0.5242966751918159,
    "253_50_roi3.png": 0.3486590038314176,
    "253_50_roi4.png": 0.20152091254752852,
    "253_95_roi1.png": 0.012539184952978056,
    "253_95_roi2.png": 0.9539473684210527,
    "253_95_roi3.png": 0.34615384615384615,
    "253_95_roi4.png": 0.21637426900584794
}