{
    "253_13_roi1.png_0": {
        "TEDS": 0.9676470588235294,
        "TEDS_structure_only": 1.0
    },
    "253_13_roi2.png_1": {
        "TEDS": 0.0,
        "TEDS_structure_only": 0.0
    },
    "253_13_roi3.png_2": {
        "TEDS": 0.33333333333333337,
        "TEDS_structure_only": 1.0
    },
    "253_13_roi4.png_3": {
        "TEDS": 0.0,
        "TEDS_structure_only": 0.0
    },
    "253_17_roi1.png_4": {
        "TEDS": 0.7865675022368573,
        "TEDS_structure_only": 0.8
    },
    "253_17_roi2.png_5": {
        "TEDS": 0.7997306397306397,
        "TEDS_structure_only": 1.0
    },
    "253_17_roi3.png_6": {
        "TEDS": 0.4028256420413283,
        "TEDS_structure_only": 1.0
    },
    "253_17_roi4.png_7": {
        "TEDS": 1.0,
        "TEDS_structure_only": 1.0
    },
    "253_24_roi1.png_8": {
        "TEDS": 0.9931607744107744,
        "TEDS_structure_only": 1.0
    },
    "253_24_roi2.png_9": {
        "TEDS": 0.18009259259259258,
        "TEDS_structure_only": 0.8333333333333334
    },
    "253_24_roi3.png_10": {
        "TEDS": 0.7407407407407407,
        "TEDS_structure_only": 1.0
    },
    "253_24_roi4.png_11": {
        "TEDS": 0.0,
        "TEDS_structure_only": 0.0
    },
    "253_32_roi1.png_12": {
        "TEDS": 0.975336107950329,
        "TEDS_structure_only": 1.0
    },
    "253_32_roi2.png_13": {
        "TEDS": 0.21619047619047627,
        "TEDS_structure_only": 1.0
    },
    "253_32_roi3.png_14": {
        "TEDS": 0.33333333333333337,
        "TEDS_structure_only": 1.0
    },
    "253_32_roi4.png_15": {
        "TEDS": 1.0,
        "TEDS_structure_only": 1.0
    },
    "253_50_roi1.png_16": {
        "TEDS": 0.9918714028627822,
        "TEDS_structure_only": 1.0
    },
    "253_50_roi2.png_17": {
        "TEDS": 0.20434782608695656,
        "TEDS_structure_only": 1.0
    },
    "253_50_roi3.png_18": {
        "TEDS": 0.33333333333333337,
        "TEDS_structure_only": 1.0
    },
    "253_50_roi4.png_19": {
        "TEDS": 1.0,
        "TEDS_structure_only": 1.0
    },
    "253_95_roi1.png_20": {
        "TEDS": 0.9920100925147183,
        "TEDS_structure_only": 1.0
    },
    "253_95_roi2.png_21": {
        "TEDS": 0.0,
        "TEDS_structure_only": 0.0
    },
    "253_95_roi3.png_22": {
        "TEDS": 0.33333333333333337,
        "TEDS_structure_only": 1.0
    },
    "253_95_roi4.png_23": {
        "TEDS": 1.0,
        "TEDS_structure_only": 1.0
    },
    "253_131_roi1.png_24": {
        "TEDS": 0.9679076921693059,
        "TEDS_structure_only": 1.0
    },
    "253_131_roi2.png_25": {
        "TEDS": 0.20740740740740737,
        "TEDS_structure_only": 1.0
    },
    "253_131_roi3.png_26": {
        "TEDS": 0.33333333333333337,
        "TEDS_structure_only": 1.0
    },
    "253_131_roi4.png_27": {
        "TEDS": 1.0,
        "TEDS_structure_only": 1.0
    },
    "253_235_roi1.png_28": {
        "TEDS": 0.9918212472354608,
        "TEDS_structure_only": 1.0
    },
    "253_235_roi2.png_29": {
        "TEDS": 0.2414814814814814,
        "TEDS_structure_only": 1.0
    },
    "253_235_roi3.png_30": {
        "TEDS": 0.8,
        "TEDS_structure_only": 1.0
    },
    "253_235_roi4.png_31": {
        "TEDS": 1.0,
        "TEDS_structure_only": 1.0
    },
    "253_248_roi1.png_32": {
        "TEDS": 0.9954890313989346,
        "TEDS_structure_only": 1.0
    },
    "253_248_roi2.png_33": {
        "TEDS": 0.79,
        "TEDS_structure_only": 1.0
    },
    "253_248_roi3.png_34": {
        "TEDS": 0.3467908902691512,
        "TEDS_structure_only": 1.0
    },
    "253_248_roi4.png_35": {
        "TEDS": 1.0,
        "TEDS_structure_only": 1.0
    },
    "253_304_roi1.png_36": {
        "TEDS": 0.9924010217113666,
        "TEDS_structure_only": 1.0
    },
    "253_304_roi2.png_37": {
        "TEDS": 0.2281481481481482,
        "TEDS_structure_only": 1.0
    },
    "253_304_roi3.png_38": {
        "TEDS": 0.8,
        "TEDS_structure_only": 1.0
    },
    "253_304_roi4.png_39": {
        "TEDS": 0.0,
        "TEDS_structure_only": 0.0
    }
}