{
    "253_131_roi1.png": 0.01907032181168057,
    "253_131_roi2.png": 0.3813868613138686,
    "253_131_roi3.png": 0.34615384615384615,
    "253_131_roi4.png": 0.11138613861386139,
    "253_13_roi1.png": 0.1295774647887324,
    "253_13_roi2.png": 0.9382239382239382,
    "253_13_roi3.png": 0.3524904214559387,
    "253_13_roi4.png": 0.9911504424778761,
    "253_17_roi1.png": 0.12635574837310196,
    "253_17_roi2.png": 0.1574074074074074,
    "253_17_roi3.png": 0.23863636363636365,
    "253_17_roi4.png": 0.0,
    "253_235_roi1.png": 0.10754985754985755,
    "253_235_roi2.png": 0.37777777777777777,
    "253_235_roi3.png": 0.12643678160919541,
    "253_235_roi4.png": 0.11138613861386139,
    "253_248_roi1.png": 0.10892116182572614,
    "253_248_roi2.png": 0.1218274111675127,
    "253_248_roi3.png": 0.3038461538461538,
    "253_248_roi4.png": 0.11858974358974358,
    "253_24_roi1.png": 0.011802575107296138,
    "253_24_roi2.png": 0.36714285714285716,
    "253_24_roi3.png": 0.10727969348659004,
    "253_24_roi4.png": 0.9911504424778761,
    "253_304_roi1.png": 0.11423220973782772,
    "253_304_roi2.png": 0.37640449438202245,
    "253_304_roi3.png": 0.12307692307692308,
    "253_304_roi4.png": 0.9911504424778761,
    "253_32_roi1.png": 0.0453125,
    "253_32_roi2.png": 0.3722627737226277,
    "253_32_roi3.png": 0.34615384615384615,
    "253_32_roi4.png": 0.11858974358974358,
    "253_50_roi1.png": 0.014317180616740088,
    "253_50_roi2.png": 0.5076726342710998,
    "253_50_roi3.png": 0.3486590038314176,
    "253_50_roi4.png": 0.10685483870967742,
    "253_95_roi1.png": 0.012539184952978056,
    "253_95_roi2.png": 0.9459459459459459,
    "253_95_roi3.png": 0.34615384615384615,
    "253_95_roi4.png": 0.11858974358974358
}