{
    "all": {
        "TEDS": {
            "all": 0.6069658610667413
        },
        "TEDS_structure_only": {
            "all": 0.8658333333333333
        },
        "Edit_dist": {
            "ALL_page_avg": 0.2504487312939222,
            "edit_whole": 0.15825755353476093,
            "edit_sample_avg": 0.2504487312939222
        }
    },
    "group": {
        "Edit_dist": {
            "include_background: False": 0.2504487312939222,
            "include_equation: False": 0.2504487312939222,
            "include_photo: False": 0.2504487312939222,
            "language: table_simplified_chinese": 0.2504487312939222,
            "line: fewer_line": 0.2504487312939222,
            "table_layout: horizontal": 0.2504487312939222,
            "with_span: False": 0.2504487312939222,
            "with_structured_text: False": 0.2504487312939222
        },
        "TEDS": {
            "include_background: False": 0.6069658610667413,
            "include_equation: False": 0.6069658610667413,
            "include_photo: False": 0.6069658610667413,
            "language: table_simplified_chinese": 0.6069658610667413,
            "line: fewer_line": 0.6069658610667413,
            "table_layout: horizontal": 0.6069658610667413,
            "with_span: False": 0.6069658610667413,
            "with_structured_text: False": 0.6069658610667413
        },
        "TEDS_structure_only": {
            "include_background: False": 0.8658333333333333,
            "include_equation: False": 0.8658333333333333,
            "include_photo: False": 0.8658333333333333,
            "language: table_simplified_chinese": 0.8658333333333333,
            "line: fewer_line": 0.8658333333333333,
            "table_layout: horizontal": 0.8658333333333333,
            "with_span: False": 0.8658333333333333,
            "with_structured_text: False": 0.8658333333333333
        },
        "sample_count": {
            "include_background: False": 40,
            "include_equation: False": 40,
            "include_photo: False": 40,
            "language: table_simplified_chinese": 40,
            "line: fewer_line": 40,
            "table_layout: horizontal": 40,
            "with_span: False": 40,
            "with_structured_text: False": 40
        }
    },
    "page": {
        "Edit_dist": {
            "ALL": 0.2504487312939222,
            "data_source: -1": 0.2504487312939222,
            "language: -1": 0.2504487312939222,
            "layout: -1": 0.2504487312939222
        },
        "TEDS": {
            "ALL": 0.6069658610667412,
            "data_source: -1": 0.6069658610667412,
            "language: -1": 0.6069658610667412,
            "layout: -1": 0.6069658610667412
        },
        "TEDS_structure_only": {
            "ALL": 0.8658333333333333,
            "data_source: -1": 0.8658333333333333,
            "language: -1": 0.8658333333333333,
            "layout: -1": 0.8658333333333333
        }
    }
}